Brand ID,Brand name,Tracking URL,GEO,Currency
129474,"American Dream New Jersey","https://app.partnermatic.com/track/0bfbzeQ5F5Fq44DGidGzpuPy3iJQFLQRo7JRbYKKF_aqf9fP09V8WUSQHfo7knL2wsMHy763HmDb9AEMJ9ah6NqI_c?url=https%3A%2F%2Fwww.americandream.com%2F","GB","USD"
97155,"Betckey Amazon","https://app.partnerboost.com/track/7df6DfYKJSmJTKvjkBcvEE57AuAsGneKG_buPD5gLz8_azSgg1_aop2UutfS34KwX7rXKMnbRLhUzuM?url=https%3A%2F%2Fwww.amazon.com%2Fstores%2FBETCKEY%2Fpage%2F08F63F9F-8755-4784-851A-B0E88E052A1B%3Fref_%3Dast_bln%26store_ref%3Dbl_ast_dp_brandLogo_sto","CN","USD"
127479,"CA-AnkerMake","https://app.partnerboost.com/track/7984KJCWidwHhRfxKZEobxcOpJur6zPzwwQU1ZXOOgPhM_bY6kDnyuatRXfWSO5WRhMPtThdyIjZrLaUTug_c_c?url=https%3A%2F%2Fwww.amazon.ca%2Fstores%2FAnkerMake%2Fpage%2FDE4F8408-E9F3-49C4-BB35-0CBA32A83B3D%3Fref_%3Dast_bln%26store_ref%3Dbl_ast_dp_brandLogo_sto","US","USD"
127480,"CA-AnkerWork","https://app.partnerboost.com/track/a3548YtBTdYPKpDTr1M7Xdv9OpzIQslkGlRjq7CWdEcJEEoveo1MVNtRh_acaZjF8llR3mvymwFIs_b4JZoQ_c_c?url=https%3A%2F%2Fwww.amazon.ca%2Fstores%2FAnkerWork%2Fpage%2F21731F36-CFC1-4D83-82D5-98632A582702%3Fref_%3Dast_bln%26store_ref%3Dbl_ast_dp_brandLogo_sto","US","USD"
122567,"CAMPSNAIL","https://app.partnerboost.com/track/bbe3LirzukLentOOg9NlEAUfi_a_aYe6n91lObKJQfdyLVo3vQxFCSRrOtehRZm2TqpzdTGOK1PQXFfYI_c?url=https%3A%2F%2Fwww.amazon.com%2Fstores%2FCAMPSNAIL%2Fpage%2FB1FA9936-655F-4851-AB2E-981C5A378DA3%3Fref_%3Dast_bln%26store_ref%3Dbl_ast_dp_brandLogo_sto","CN","USD"
98820,"SmartDevil-UK","https://app.partnerboost.com/track/b5e1rx_a5CmT4HfI0J3_blJAF5fvwrsR_b_a1lWtjVC2_b1STzaTl6sLmAzM_aCLxGZNAsD_aWOFQgXUg_c_c?url=https%3A%2F%2Fwww.amazon.co.uk%2FSmartDevil","CN","CNY"
123546,"Nuanua","https://app.partnerboost.com/track/a74b82fX1xYxMjAjTeLmx2gix4h68nxDDgTuqy_a2_aVtqV8RpvSlUwoew1Q9o54kFlvTecVsQnA_c_c?url=https%3A%2F%2Fwww.amazon.com%2Fstores%2FXMDYXXKJ%2Fpage%2FAB9X2AZ5EOVMB","CN","USD"
107148,"SHUSANE-IT","https://app.partnerboost.com/track/881dSEG0Fh6eYsmyZZToH9jg5nrwNcJkLCr2lH8_bqxIEXfhzoB5GnD8n6_b6x3lxJA6qZ5s79CQ_c_c?url=https%3A%2F%2Fwww.amazon.it%2Fstores%2Fpage%2F4A90ED11-BC5D-4DC2-B200-9C0BFD8D5EF7","CN","EUR"
122006,"Brick Attic","https://app.partnerboost.com/track/f642zpaw4NgP004OIyhgxhzyX4cspGOZqLAKr9i3Bwr0WG2vBYtEVyYL536FNuEdNUj2fNOnfg_c_c?url=https%3A%2F%2Fwww.amazon.com%2Fstores%2FBrickAttic%2Fpage%2FA645F6FD-6963-4BF3-A2B9-797097903786%3Fref_%3Dast_bln","CN","USD"
122007,"FINATI","https://app.partnerboost.com/track/d8ad83N9_bbI9aKwfdgei0G4grHsSQVTOcDuCccLbpdrWbggfbpgRUW_a9e3CuP0gnejt9R7bYRg_c_c?url=https%3A%2F%2Fwww.amazon.com%2Fstores%2FFINATI%2Fpage%2F4B6F4EB7-A6AC-4D8C-A4F4-B4296FFBD077%3Fref_%3Dast_bln%26store_ref%3Dbl_ast_dp_brandLogo_sto","CN","USD"
135131,"TOOXYZ-CA","https://app.partnerboost.com/track/cf38EBcwfGRiY8_b20CH21nPZG2iT0oWUkik6vcNxXZJfJ4M7XiFUqGKdXx9ekSwlT_aX5r8tK6w_c_c?url=https%3A%2F%2Fwww.amazon.ca%2Fstores%2Fpage%2FB994DECA-5E90-4AB9-A696-B1F8AEC7EC74","CN","CAD"
97230,"LIQQY CA","https://app.partnerboost.com/track/f158OCrPHSAeT8nXMSUfH9BqJckJhTs_asRpkeWXbCj28RpCnetgj4l0qQVMeJWNr_bkPoaQQxiw_c_c?url=https%3A%2F%2Fwww.amazon.ca%2Fstores%2FLIQQY%2Fpage%2FC1A20609-3CB0-4540-9C72-B5FD43C5C22E%3Fref_%3Dast_bln%26store_ref%3Dbl_ast_dp_brandLogo_sto","CN","CAD"
98828,"SmartDevil-IT","https://app.partnerboost.com/track/3408kCzJbYU_aulZZ_b_bPEuE7K2sB5Y_a7xrilWCNS57DLCsMVWyp6lE1dA9V2_aMBcp9YCSrinhAA_c_c?url=https%3A%2F%2Fwww.amazon.it%2Fsmartdevil","CN","CNY"
122005,"AtHope","https://app.partnerboost.com/track/23d2IDqa1i0bk7h53bYCYnxWCmsjVQK8XIN4tAiK6_aM25IFvoYJl70YVgQfE5mylfvDXhBnn1A_c_c?url=https%3A%2F%2Fwww.amazon.com%2Fstores%2FAtHope%2Fpage%2FF3C5F087-2815-4903-A279-B14DA3F6C8B4%3Fref_%3Dast_bln","CN","USD"
123700,"MAIKEHIGH-UK","https://app.partnerboost.com/track/bc54xxKl7MCMZ_br_brKfDgtJS87i5iUjyzbOBAEI_bL06anP6eGTuS_atwazcd_agX4v0ITVoO71oA_c_c?url=https%3A%2F%2Fwww.amazon.co.uk%2Fstores%2FMAIKEHIGH%2Fpage%2FC26C0E75-1BDB-437B-8988-A88C7AE038AC%3Fref_%3Dast_bln","CN","GBP"
103904,"SHUSANE-CA","https://app.partnerboost.com/track/4070sr_b3_aHbDflCg_ahwKuJy5ulyP2gSOFR1LqslQGVhvTLkCUjIXAjgnMwmZyZH_aySxh8LSnNA_c_c?url=https%3A%2F%2Fwww.amazon.ca%2Fstores%2FEGQINR%2Fpage%2FD0DE33EF-E165-4A22-A19A-0F77369B9C13%3Fref_%3Dast_bln%26store_ref%3Dbl_ast_dp_brandLogo_sto","CN","CAD"
101194,"Aima Beauty_US","https://app.partnerboost.com/track/d290x86LB7T7KtVQLmOfcwSX7PUF_auMzbYYeB1EzUhhvt4EBx_bAnQhI42CSTSNZqN9DNzqKdIA_c_c?url=https%3A%2F%2Fwww.amazon.com%2Fstores%2FAimaBeauty%2Fpage%2F2AD06DA0-F9C3-4786-9C2D-6AF620D8AAD5%3Fref_%3Dast_bln%26store_ref%3Dbl_ast_dp_brandLogo_sto","CN","USD"
107156,"LEVENIS","https://app.partnerboost.com/track/f186GF1q9wW9AFBPmeZnrzqcGmh2r_aVaSk2yzoPSPVCCeE_aN79RghxGEdvwT9Jdy6O_aNmiqvIw_c_c?url=https%3A%2F%2Fwww.amazon.com%2Fs%3Fme%3DAV8M1DV5NL3C8%26marketplaceID%3DATVPDKIKX0DER","CN","USD"
106805,"Aimiliqi","https://app.partnerboost.com/track/36cd7Dy3KJoX_bZsUi6gpbGaskSerHkFqtIAy29p03hBEl78v2fkZ_bV_b_b_bB_bZ9TaOnLRhJ6Ti6ZxGlPx2?url=https%3A%2F%2Fwww.amazon.com%2Fgp%2Fproduct%2FB0B23S7ZZR","CN","USD"
94667,"AVJONE","https://app.partnerboost.com/track/7d330EP66MguOj3p_a8g6WalzsfPBujxpsTYOi73XFtW6CpIwk8mG09qUlFI6_bm8hhI6WUm62oar94g_c_c?url=https%3A%2F%2Fwww.amazon.com%2Favjone","CN","USD"
103890,"Bestglory","https://app.partnerboost.com/track/d27cy9JtPl0bJBpFJmCAvLYQx8CM9N64dB_aee1gYSou5Pa0wx6y5SxkLBVd2t_b27UKVPxZHipm0wiIS1PQ_c_c?url=https%3A%2F%2Fwww.amazon.com%2Fstores%2FBestglory%2Fpage%2F2E701E33-AD47-46AF-AE37-B41E045DAA41%3Fref_%3Dast_bln","CN","USD"
123406,"MargGona","https://app.partnerboost.com/track/3b232CdgpNiB1H9V1o_a_bYdrro_bjIrCZsilTfYrj8EnIuqa0G4B9hmHmeb57NTtHYkI_bBSvmOM5wNtJQ_c?url=https%3A%2F%2Fwww.amazon.com%2Fstores%2Fpage%2FF82AF071-8B2D-4C62-A742-9A3917EB3120","CN","USD"
112954,"Breezelle","https://app.partnerboost.com/track/e500CJdw0X3hX_anAn5l3n_amt0gw774HW5weJXIGiBxPQEPvki4LunA0UhmJSaJ34P24bS6sbuBh19QMXeA_c_c?url=https%3A%2F%2Fwww.amazon.com%2Fstores%2Fpage%2F2919F5BD-10FC-4CD4-9C3E-797B1B28D03F","CN","USD"
117910,"BTremary","https://app.partnerboost.com/track/551bWAzaY_aZzo4pAMnfc9Mn_alKd5M64puDmiY71h_ajNKnjd1LSmvFdEw3so5W_axYTfKhHlZXT0lRizwy?url=https%3A%2F%2Fwww.amazon.com%2Fs%3Fme%3DA1ZSML1QS7XD21%26marketplaceID%3DATVPDKIKX0DER","CN","USD"
101703,"BYETOCE","https://app.partnerboost.com/track/3e1azgsnd6P4Uk3OGfWypELKJ0JcchzgD780myokAHEYNwY7eIkqX9alHsClFJ9qc8oCX6ZX_buzRRQk_c?url=https%3A%2F%2Fwww.amazon.com%2Fstores%2FBYETOCE%2Fpage%2F22428C4C-7CCE-449D-B0E5-05C79343F438%3Fref_%3Dast_bln","CN","USD"
135294,"CNBQDD","https://app.partnerboost.com/track/f3ffTS5su98475y7d_bCsfvtMhxesWsdQ1FNTOUWDyNO_a5CnNafOEStARpcaJuTwB8htQzVmm4pFs8g_c_c?url=https%3A%2F%2Fwww.amazon.com%2Fstores%2FCNBQDD%2Fpage%2FAA658B03-C002-4537-B450-A9E6C40673B8%3Flp_asin%3DB0F4Q67FFP%26ref_%3Dast_bln%26store_ref%3Dbl_ast_dp_brandLogo_sto","CN","USD"
107163,"FATICK","https://app.partnerboost.com/track/5d82tYyJ12Ke7twA7s3EZjsj_bycK0WVK4BBOL5Y4q4XJc_b_bgxmiVCE9sJFppvslgp29uiPMVfw_c_c?url=https%3A%2F%2Fwww.amazon.com%2Fs%3Fme%3DAI0G3D72D1Z1U%26marketplaceID%3DATVPDKIKX0DER","CN","USD"
98821,"SmartDevil-DE","https://app.partnerboost.com/track/5ce4qexoLtR_b60YnwceDK9bUatLetAJMsuQyo_bg71845RsRt8cJWQBaF60wtSUB1kjnv3QnQcQ_c_c?url=https%3A%2F%2Fwww.amazon.de%2Fsmartdevil","CN","CNY"
94399,"FAELBATY","https://app.partnerboost.com/track/d7f1wezLgC_aeossxadA6WAmmfT_aMNM9MWpn6TEIO1W3VCFqA2OwbzznEWCm5SuedDeUUq_a7KYaCsJy2o?url=https%3A%2F%2Fwww.amazon.com%2Fs%3Fme%3DA3PMEZF93GREHF%26marketplaceID%3DATVPDKIKX0DER","CN","USD"
103189,"FESAS","https://app.partnerboost.com/track/cd50N7T5pEe_b9oxStdT0Hnz8_aHSW4OYDGejjrjsDUi1Np7UgxnlcjkcBkQjzb7V7wnViC3aqHvZS?url=https%3A%2F%2Fwww.amazon.com%2Fs%3Fme%3DA2F7HOER293BN1%26marketplaceID%3DATVPDKIKX0DER","CN","USD"
103583,"YOSUDA","https://app.partnerboost.com/track/880e7n3uIDfEusNpKMcIWLUi2EQkDFR34HkZ_bD28_b3FoC81klWQiORA_a8rVp_bi1AOAWQ0EY9gg_c_c?url=https%3A%2F%2Fwww.amazon.com%2F-%2Fzh%2Fstores%2FYOSUDA%2Fpage%2F52F82D00-B392-4AA2-B6EE-55FA617119E5%3Fref_%3Dast_bln%26store_ref%3Dbl_ast_dp_brandLogo_sto","CN","USD"
133536,"TYCEKFGEY","https://app.partnerboost.com/track/def9opcSxkGVCRhjBFKNLj7vDuLZPamaqqmwFBnHgoWneGx5_anSw7GP1YVZRduRt7w_a4sMcnoA_c_c?url=https%3A%2F%2Fwww.amazon.com%2Fs%3Fme%3DA26WYT1VGR6B34%26marketplaceID%3DATVPDKIKX0DER","US","USD"
109191,"GEMFUL","https://app.partnerboost.com/track/7892khaMm8DJWPr1w_awqqdRNA46Uzem2sVf8mdhXx7T7WKBRhvv5DrTpUds7o1HhUQHXYgv7sJY1kw_c_c?url=https%3A%2F%2Fwww.amazon.com%2Fstores%2Fpage%2FA77D2922-278C-4EFF-978B-7A769666FBB3","CN","USD"
122588,"Dryhsip UK","https://app.partnerboost.com/track/6c2e7F9fj3FkdcvGvcvFr77_bdtzjxeOVKOQubWO44_alf2a6oAtmypzXaOjrfWKJDPDhT_bRYgnw_c_c?url=https%3A%2F%2Fwww.amazon.co.uk%2Fs%3Fme%3DA1QY0KY1TYLLVD%26marketplaceID%3DA1F83G8C2ARO7P","CN","GBP"
106764,"HANDLANDY","https://app.partnerboost.com/track/b143tT7bEndQgzQ8MchqAXqF1RudEneMHq6htHDw5eMcIBpF3jVkJ_aWbexu3XybCSsKjlO_aX_baZyTNV76Q_c_c?url=https%3A%2F%2Fwww.amazon.com%2Fstores%2FHANDLANDY%2Fpage%2F9C526AFC-71D2-41F1-9FD5-A8226D023A70%3Fref_%3Dast_bln%26store_ref%3Dbl_ast_dp_brandLogo_sto","CN","USD"
98822,"SmartDevil-FR","https://app.partnerboost.com/track/943cXrjzmc37PZU52BIG_bLZ0DNoGCPHUWY0qTBw0cxVj1yRHK_ackorHuzfbKpwGyUw_aVRS0yTQ_c_c?url=https%3A%2F%2Fwww.amazon.fr%2Fsmartdevil","CN","CNY"
122564,"Iemegumi","https://app.partnerboost.com/track/7dbbFdHo_aomdZwjR37pHIP9SOeZmJ7XJIFlICp0yRMWhvBSawGidrL9kc_aPOFMkFmcz1RH9jh7GVq_aLV?url=https%3A%2F%2Fwww.amazon.com%2Fs%3Fme%3DA66HD3TMTYUYU%26marketplaceID%3DATVPDKIKX0DER","CN","USD"
123476,"IMOUMLIVE","https://app.partnerboost.com/track/b2a9FvZHCZrJmMr1Gzz0jS8YBhBARZ5qC_bqtksTjHwoUybGCW3GiULayJhnRig5a0zqBUpqo0Ok5q8kNPQ_c_c?url=https%3A%2F%2Fwww.amazon.com%2Fstores%2FIMOUMLIVE%2Fpage%2F809B986A-9163-47D1-A365-DFC72E1C8DD4","CN","USD"
122589,"Dryhsip DE","https://app.partnerboost.com/track/de7eGiFs18HntKM16g65a3eNqmGYiftaLndeCiM4aGCUDvbgkDjOG16mXP5bS_bzThHS8ff5BqA_c_c?url=https%3A%2F%2Fwww.amazon.de%2Fs%3Fme%3DA1QY0KY1TYLLVD%26marketplaceID%3DA1PA6795UKMFR9","CN","EUR"
107149,"SOUYIE-IT","https://app.partnerboost.com/track/c068XJ4SfSFksjVGUni7ps2xNhtFkjQ_b_b3X18Sw5pWP3s5PCtJtaRU5_amMyrkuek03Nltc3DGw_c_c?url=https%3A%2F%2Fwww.amazon.it%2Fsp%3Fie%3DUTF8%26seller%3DA38UM43LI4AH7C","CN","EUR"
98549,"Kanwone","https://app.partnerboost.com/track/3eb2KaMAvvsuPQmiAkMbIqmZERe89w6rQOP7CFyTZ1fXBz30sOOXPJ7FdJPFMIydrZCB6CsolDeL3g4_c?url=https%3A%2F%2Fwww.amazon.com%2Fstores%2FKanwone%2Fpage%2FB7DFB6AB-6E46-4F88-9434-5E2E4EF4CF92%3Fref_%3Dast_bln%26store_ref%3Dbl_ast_dp_brandLogo_sto","CN","USD"
122615,"Oxmestus","https://app.partnerboost.com/track/a703luRf5s1EsakuLrGtc3PI9N6gUfGSyH8clNn4qh_aLHup96pwQtJh5J8WPCVmo8VntFtxzpQ_c_c?url=https%3A%2F%2Fwww.amazon.com%2Fs%3Fme%3DA3U3JKEG4O1OE2%26language%3Dzh%26marketplaceID%3DATVPDKIKX0DER","CN","USD"
107182,"Boulou","https://app.partnerboost.com/track/af57CFkzIRycOu3bO8wWOgqwSjIRMtUa_ajBT7ibHgv7x0Ja8vg_a_aQd8w5LIMxagowxh5BBxSaA_c_c?url=https%3A%2F%2Fwww.amazon.com%2Fstores%2FBoulou%2Fpage%2FB24EF033-86C8-445A-9446-72E02EBD190F%3Fref_%3Dast_bln","CN","USD"
105545,"leonbinno","https://app.partnerboost.com/track/4a60SALjzuVkgzJHRVQYZhxQr_aOOLOyZn9RnGQP4MJHZGc1XQ9JFgt7Ry_bIxJzpepdcgADYTJc7owoGOtA_c_c?url=https%3A%2F%2Fwww.amazon.com%2Fstores%2Fleonbinno%2Fpage%2FDD29879B-3EDC-4B3A-9A29-0E3FAA71295B%3Fref_%3Dast_bln","CN","USD"
107129,"Levens","https://app.partnerboost.com/track/f749s9Fg2GDHUqqy_bErMsivBRzLN7szVn_bICOEcB7i_bcJJzEnIt8esAo75MKJJTVNrEySre2wT8sYA_c_c?url=https%3A%2F%2Fwww.amazon.com%2Fstores%2FLevens%2Fpage%2FDC8C4B4F-35BA-4254-BFEF-420803980689%3Fref_%3Dast_bln","CN","USD"
94885,"LIQQY US","https://app.partnerboost.com/track/1cbd6hq7QHXVtQsb6YDDJG2BPmm2i17nJzC1RJC4OTSSb1E8LmeMm1i9KV7aeSs8LmNCDNpB5hvY?url=https%3A%2F%2Fwww.amazon.com%2Fstores%2Fpage%2FCF9F38AC-0229-4337-8CAA-C8CA74574A0D","CN","USD"
123477,"luvamia","https://app.partnerboost.com/track/46f61vTlAzDqzApElrg6xBi_aFLnjGn3MrmVKTppRgqJPrzvJXV06OjKn3_bvwbna_bAi8q_bQtB5YrN1og_c?url=https%3A%2F%2Fwww.amazon.com%2Fstores%2Fluvamia%2Fpage%2FFE6BE88C-2DA1-4A23-ACAE-C47C7CF38FB2%3Fref_%3Dast_bln%26store_ref%3Dbl_ast_dp_brandLogo_sto","CN","USD"
117939,"meiyistation","https://app.partnerboost.com/track/f967mDQZRauWMNYDg_bkFmVzKWuTg_aAsVXGDIAA9SuxTLhAyhOswoB8PZl0xifFO_avT_aG9qnuWcpmMDG1EHZoyw_c_c?url=https%3A%2F%2Fwww.amazon.com%2Fstores%2FMeiyistation%2Fpage%2F367D25AB-0112-4EE7-B523-9D9523537823%3Fref_%3Dast_bln","CN","USD"
113982,"Mishansha","https://app.partnerboost.com/track/301a0m_amNAq6msnCW9UMG3GgVbCnE_bcL1HOJ1e6tL7BV3_a0fdvRZwIgyG0NfjjWzfWYjqICsgP_bwKFAzLw_c_c?url=https%3A%2F%2Fwww.amazon.com%2Fstores%2FMishansha%2Fpage%2FEAC5F323-4158-4BEF-AEC3-702C690EA85B%3Fref_%3Dast_bln%26store_ref%3Dbl_ast_dp_brandLogo_sto","CN","USD"
90398,"MOMIRA","https://app.partnerboost.com/track/2a68qoIm_b_bTGCkLBuyCzp76Ireip5Ve_bFTOfS_adpN1jNuHuwVGNGwk4BUwTRfz2om9mkSINmlFKj3g_c_c?url=https%3A%2F%2Fwww.amazon.com%2Fstores%2FMOMIRA%2Fpage%2F402866F3-CBD1-48FD-82CB-B51E57658612%3Fref_%3Dast_bln","CN","USD"
98829,"SmartDevil-ES","https://app.partnerboost.com/track/12c6b3bjIyrV_bbtpt4ebzifFbQ5dqI5OybE0AMpE4ggm_bV8ptCvrF3gxJeO152B5a61kErOInQ_c_c?url=https%3A%2F%2Fwww.amazon.es%2Fsmartdevil","CN","CNY"
97222,"Mupretty","https://app.partnerboost.com/track/a59dRN3JquxOzxoKtHsSUk1ntb5rLSgj2Dyb7L35bV2j2i_aWDeFAe1bXArZR8I65KfoCO65ZNC3Mf_a0X?url=https%3A%2F%2Fwww.amazon.com%2Fstores%2Fpage%2FE0E9F69B-955F-4FD2-AA9C-ACDF52C2C13B","CN","USD"
123434,"Narvokey","https://app.partnerboost.com/track/2246FvUwWN9KZ_bxdwA27PQEbJ0D9p2Dc2qxvulMxMm9CJoV8dLzjKYJnjMVGd9Z3JX67c4TLyAUN5KJM?url=https%3A%2F%2Fwww.amazon.com%2Fs%3Fme%3DA3SQIZ4P0QU9BD%26marketplaceID%3DATVPDKIKX0DER","CN","USD"
97232,"LIQQY UK","https://app.partnerboost.com/track/2fe6ye5aautInzc1zutq1o_a39b1RRByrRQWtidUyk4QOzve2SDza5WIBgKO5EEIJ_bQs_bmH1xYQ_c_c?url=https%3A%2F%2Fwww.amazon.co.uk%2Fstores%2Fpage%2F2476F9B4-9AFE-4716-98B8-8F82BBF74F51","CN","GBP"
126646,"EIGSHOW ES","https://app.partnerboost.com/track/9bd8aXBlHdwbnDv7cAbIf86uOXXGZsA3WStH_bYCcXs80qpkCXv44KDCPVJuqnvb9F5GuGPeh3g_c_c?url=https%3A%2F%2Fwww.amazon.es%2Fstores%2FEigshowBeauty%2Fpage%2FB83EE7BA-2FDA-450F-8079-795BA9322937%3Fref_%3Dast_bln","CN","EUR"
94249,"Orthomen","https://app.partnerboost.com/track/248e460gFBG2mt_bACMpZ1PcKWHNrkp2TGRPDeuRM5Aa09yYRG3djhgyhzoZY1_avcqZ_bDGnVbPd0OBuNS?url=https%3A%2F%2Fwww.amazon.com%2Fstores%2FOrthomen%2Fpage%2FFEDCEBEB-6BAF-4F00-B0A5-91BFE03D3621%3Fref_%3Dast_bln","CN","USD"
126587,"PAODIKUAI","https://app.partnerboost.com/track/2d61cFpFKsUCcUbdKvKedv4ZgTayh_b_b_ahI_bFHkfx8c3RcYiIse_bEHjK9CZdeDS5zE2t5sn9u7mHTb_bPg6w_c_c?url=https%3A%2F%2Fwww.amazon.com%2Fstores%2FPAODIKUAI%2Fpage%2FCEDC9112-5338-4CCC-948C-1884CEE21B5E%3Fref_%3Dast_bln%26store_ref%3Dbl_ast_dp_brandLogo_sto","CN","USD"
122067,"paybay","https://app.partnerboost.com/track/d06fJ8vIKz1nAwBZmdynPHUQCC8CDmd56VlkPIv864kha6bVzyupbMhhYcmzqz_bx7SP3JMQMPd78dA_c_c?url=https%3A%2F%2Fwww.amazon.com%2Fs%3Fme%3DA35X8CRH1YFLD0%26marketplaceID%3DATVPDKIKX0DER","CN","USD"
106789,"PINGMIC","https://app.partnerboost.com/track/a20dQcFgHjnKEgivDEBuBzA6B7xN_bCxxNgeFejzudVPJZbsykELmIARf1cIXirOlTdUnUGBJcGKra_aY_c?url=https%3A%2F%2Fwww.amazon.com%2Fstores%2FPINGMIC%2Fpage%2FAD1266BE-A62B-4D7D-86AB-6FF67AFD5C3D%3Fref_%3Dast_bln%26store_ref%3Dbl_ast_dp_brandLogo_sto","CN","USD"
106741,"PYH","https://app.partnerboost.com/track/9159br8Mz9SVTmyYf6YdaijRH7sKOChAQN9amLhhWPOvaryfARY87fJNu2wS4MmvzzVkkhligA_c_c?url=https%3A%2F%2Fwww.amazon.com%2Fstores%2FPYH%2Fpage%2F8240D000-EC08-426E-9EF3-B15740EC1368%3Fref_%3Dast_bln","CN","USD"
123471,"RAMIFYAI","https://app.partnerboost.com/track/fd5faXNN90eGMjjgA52KENL7QM2abbjB45MTdJfM_aJBOprxT7uxoWVuPQzn64OO_bd8UB5D9oBZ1o0cjk?url=https%3A%2F%2Fwww.amazon.com%2Fs%3Fme%3DA31STCY9U4KVV1%26marketplaceID%3DATVPDKIKX0DER","CN","USD"
103860,"Relxitl","https://app.partnerboost.com/track/2aa04gaNZdqSkAmplYFwzrNg0FMpANuRRpYz47NFZ_aTYBp8WhDk7v0cb22fUCQfVqkYhZFN6F95Cbq0_c?url=https%3A%2F%2Fwww.amazon.com%2Fstores%2FRelxitl%2Fpage%2F08B29ECE-1954-4B04-A317-32CD80C74818%3Fref_%3Dast_bln%26store_ref%3Dbl_ast_dp_brandLogo_sto","CN","USD"
99102,"POCUSTIK","https://app.partnerboost.com/track/945e_ad9SFyqSkDr_bEzRfB_aFh_aAgwFMNzzbGC9_aR29WFMe5nU1H5pACi1djdT8ehlKS8fNjK4Ng_c_c?url=https%3A%2F%2Fwww.amazon.com%2Fpocustik","CN","USD"
122525,"Sedmart","https://app.partnerboost.com/track/f764gL3y8M39TqARCgmrrsX3G_aPEQd7fsrFAsJh_a_a3ZJjhN6P6mUAe36jvEEh5vx7Wfc_a1VDIJWHlb4_c?url=https%3A%2F%2Fwww.amazon.com%2Fs%3Fme%3DAZSV8SDGSTAGS%26marketplaceID%3DATVPDKIKX0DER","CN","USD"
97182,"Septekon","https://app.partnerboost.com/track/2314j32mPUEULPVvNtlTCzhknApvpvboREckbgOuNGUCgEhjvgCnYZWrvpi2mtp7ZBP6UZEVqXg0kk3T?url=https%3A%2F%2Fwww.amazon.com%2Fstores%2FSeptekon%2Fpage%2F95E99351-D50B-4B28-A15A-F29D28232600","CN","USD"
100222,"SheSole","https://app.partnerboost.com/track/ce92_bzqe7QF_apt_at84BykcpEH2qfJO4palUmx1t32zW2ljZFe4mxsVw7hmpx1n4OkIX1nN3hWKE6oxE_c?url=https%3A%2F%2Fwww.amazon.com%2Fstores%2FSheSole%2Fpage%2FD0872D95-6046-4910-8CBD-65DD0EF5CA71%3Fref_%3Dast_bln%26store_ref%3Dbl_ast_dp_brandLogo_sto","CN","USD"
98830,"SmartDevil-MX","https://app.partnerboost.com/track/7035cC6uX_b985RRjedBfjA4CbNYKay2DfnUqmI27bq5Pbc2UF0lChKPPYGfK8a86hAj41a5xcw_c_c?url=https%3A%2F%2Fwww.amazon.com.mx%2Fstores%2Fpage%2F663A5746-2A10-4270-B384-0DB15D03B9A4","CN","CNY"
107154,"SJXYOYDS","https://app.partnerboost.com/track/efe4AZAgj1_aSj2wrHJ66ezhHiNSDSoyp7SJasSwGBADZPpz_bCWINuPaXi219Axgkjk397UUG3PBs3uGG?url=https%3A%2F%2Fwww.amazon.com%2Fs%3Fme%3DAXO0N5M4F4VUI%26marketplaceID%3DATVPDKIKX0DER","CN","USD"
98808,"SmartDevil","https://app.partnerboost.com/track/7b3dKi4rHQntB7hXYGaGY_bs7JAo9IRd01EaKudS2U2OMnc1R8IvFmJMB7f_bEkS0nqPENKQI_bAhZQ8DArUUM_c?url=https%3A%2F%2Fwww.amazon.com%2Fstores%2FSmartDevil%2Fpage%2FB8D8BD3A-091E-4E1C-853D-49EF14F50FA5%3Fref_%3Dast_bln%26store_ref%3Dbl_ast_dp_brandLogo_sto","CN","CNY"
98819,"SmartDevil-CA","https://app.partnerboost.com/track/394aFYVWmxU_aXWNRONThIMaJZNfjpnYcPfg2ZyvmATAfqXRnTXvtsJRlv0iMkhk8fVQE_arnR_bg_c_c?url=https%3A%2F%2Fwww.amazon.ca%2Fsmartdevil","CN","CNY"
107147,"SHUSANE-UK","https://app.partnerboost.com/track/52217gAF6aLJIuiFqYrTNPRk6pWcgzbUTe4ZzgBxLLDHNMgEzaRMDteploNPpo4fJ2_bdhm0i1Q_c_c?url=https%3A%2F%2Fwww.amazon.co.uk%2Fstores%2Fpage%2FC36C0F06-EE46-4C90-B789-15A8DEDD510C","CN","GBP"
112962,"ThinkRider","https://app.partnerboost.com/track/1a2cAchyc9YsQJ6UD2wWIE6qTEk3aaoYcbJum_aENbAF8isFx20ur8oGzRR_ar4htFnQIVCJCjNuJqkVglWCs_c?url=https%3A%2F%2Fwww.amazon.com%2Fstores%2Fpage%2FE0ECAC19-A0E4-4FB0-A986-C45CD5C3B086%3Fingress%3D3","CN","USD"
96528,"TUYU","https://app.partnerboost.com/track/55ae86CRKiMqEkFx0VweJYqVBTuPc1o11GEonTf8Pw9md68JFAhw7aE12SsctJZdT9NECvgDoTU_c?url=https%3A%2F%2Fwww.amazon.com%2Fstores%2FTUYUElectricspinscrubber%2Fpage%2F2F0CC063-74A2-48E7-ABFE-165B818BB149%3Fref_%3Dast_bln","CN","USD"
94346,"Vacto","https://app.partnerboost.com/track/8ea7S0DwOijcDHbGxmdr56ws_bNDTyh4vHuAwqX6pVXgkcsBwI_beRV_beAnkCtnYO3hhnJ3rLKVg_c_c?url=https%3A%2F%2Fwww.amazon.com%2Fstores%2Fpage%2F489034BC-E07D-4EA0-8C73-AF6E08101D77","CN","USD"
123436,"UPINS","https://app.partnerboost.com/track/8d12rklNpQ98CaI6R10CyAbTJX5Cf7NQaARQcczV3ODprbHGq0NoNdEV_bmGivP_aCY4xDvFAh8MeB?url=https%3A%2F%2Fwww.amazon.com%2Fstores%2FUPINS%2Fpage%2FACE9FA47-BE27-4B7F-BEE0-31C54EEDDE38%3Fref_%3Dast_bln%26store_ref%3Dbl_ast_dp_brandLogo_sto","CN","USD"
127457,"AUTOPkio-FR","https://app.partnerboost.com/track/9ec64kS1ad7FVXx7L_aNch72C2jHBUW1ZzmVgYK4o98DTKo5pcK4QEP5E4fYqmxdYfXgvh8MI_bQ_c_c?url=https%3A%2F%2Fwww.amazon.fr%2Fstores%2FAUTOPkio%2Fpage%2F2F34922C-D3AF-4F70-83EA-70660789788D%3Fref_%3Dast_bln","CN","EUR"
107796,"VHMV","https://app.partnerboost.com/track/f395ccGNgy7uMjeM4atYkSRWX0uLw_baAayoD385SM4GT_b_aK7SewU3YX22gTgkzBRkr_apECaTNqc_c?url=https%3A%2F%2Fwww.amazon.com%2Fstores%2FVHMoonVan%2Fpage%2FD923E3D0-0ACB-47D5-8DD4-B561D4905105%3Fref_%3Dast_bln%26store_ref%3Dbl_ast_dp_brandLogo_sto","CN","USD"
105818,"Viverte","https://app.partnerboost.com/track/0bb5_aGKyOAT664Gu4qazkKwLumKxX9I8YfFd_bWIeuSjfJ2dX49E_apOGh0hivPJ5LhZcZ73_a5y5rrEKU_c?url=https%3A%2F%2Fwww.amazon.com%2Fstores%2FViverte%2Fpage%2F9AFEDE60-6AD9-4EE0-840F-4D02C11A85F5%3Fref_%3Dast_bln","CN","USD"
122004,"vorixa","https://app.partnerboost.com/track/9c4dze0ayXvEJI3T1T3xBQF7bI1i36xESNPrtbs4rkzbBdsZ0kpiEIxvEKrrzrc9eEApW6zIrjBlCA_c_c?url=https%3A%2F%2Fwww.amazon.com%2Fs%3Fme%3DAM50H3LQGD8K3%26marketplaceID%3DATVPDKIKX0DER","CN","USD"
98510,"WINPICK","https://app.partnerboost.com/track/1dd9xqoPMH6aJ1YckzL_bb4ptC9ytp_bAExWIdVdPrjrLQZzSNa0gt_aomz6Lg8uYCrCN9GOw4YbSyXfTw_c?url=https%3A%2F%2Fwww.amazon.com%2Fs%3Fme%3DA2D39N2ND4BUMT%26marketplaceID%3DATVPDKIKX0DER","CN","USD"
117993,"EarayWax","https://app.partnerboost.com/track/9583Sg3GAKWfYZ6656xHZFBh_a0OFeSRzpeqxMyH5bgJuloVrwtBAPmnoIAKoKpTtWBXEEdx8CA_c_c?url=https%3A%2F%2Fwww.amazon.com%2Fstores%2FEarayWax%2Fpage%2F7B4E7381-9AD9-4D3A-99AA-2AE1CA4B0644%3Fref_%3Dast_bln","CN","USD"
135130,"TOOXYZ-US","https://app.partnerboost.com/track/458bnD1P341aWL5847aUPV128f9_bPTSb8pFIfH_aCjIB36VhXFv9AAbajNLW_aqfRVyV1opfKlPg_c_c?url=https%3A%2F%2Fwww.amazon.com%2Fstores%2Fpage%2F98E2AB8F-09AF-4D1D-8672-21C8DBD6C4D5","CN","USD"
101788,"Odoland_UN-CA","https://app.partnerboost.com/track/87b0n0Q5ONaxFQYQThBWlBI8yiL3FXnF5PsJOBZkyFZHvAFc5BAAx8p9baifMAF4kFyLSsszrQ_c_c?url=https%3A%2F%2Fwww.amazon.ca%2Fstores%2Fpage%2F040B07A4-2592-447E-B972-542CF0845074","CN","CAD"
105520,"REDTIGER-UK","https://app.partnerboost.com/track/ad36QyyTfVn_blSnGa3xJQEqQ6zy6sDKsadnIq0Ii8ClU7b9TFFyIet1G4BzFDeTd6ovACIqEWw_c_c?url=https%3A%2F%2Fwww.amazon.co.uk%2Fstores%2FREDTIGER%2Fpage%2FE34FC1DB-8E79-4BB2-9F19-E58682F30112","CN","GBP"
101220,"MOMIRA-EU","https://app.partnerboost.com/track/7e07TF0zRtH2biFhi9vA4XOdnZ8wV_b9KqsGbGKHt0iq2HDtg82m0BPyX_bYHF7nAG2rY_abquzSA_c_c?url=https%3A%2F%2Fwww.amazon.de%2Fs%3Fme%3DA34HSZKPSD6KP3%26language%3Den%26marketplaceID%3DA1PA6795UKMFR9","CN","EUR"
122049,"S Spowind","https://app.partnerboost.com/track/c8d6_bymVk0d1_aQZKXUfXzA4g_b89917PwY7_bSyK0yZwAZgqlaiCt9kp5kjUyCB8E_adJBTujtocQ_c_c?url=https%3A%2F%2Fwww.amazon.com%2Fstores%2FSSpowind%2Fpage%2F2A6BF9A7-4E8F-4964-A5E9-52256E279CB1%3Fref_%3Dast_bln","CN","USD"
126785,"DE-AnkerWork","https://app.partnerboost.com/track/db69E2ky_bby0zogiIPvQky70ufkYXtW7nMSDWfuVu92SaKmk5jPCeSEEuCjErOce_bw4JIzVAAsgWFQ_c_c?url=https%3A%2F%2Fwww.amazon.de%2Fstores%2Fpage%2F82DD0299-BF39-41B3-8165-3E035DA08228","UK","USD"
126784,"DE-AnkerMake","https://app.partnerboost.com/track/c821dUOfHCMcPNOjSPN2QplkiwSOQnBMI4nl0V8kNddvMpzWky28ub8s0GYy2md_a81KTSvKtg8Q15f4ecg_c_c?url=https%3A%2F%2Fwww.amazon.de%2Fstores%2FAnkerMake%2Fpage%2F28522A97-064D-46B9-8376-82BCD4E3D1B2%3Fref_%3Dast_bln","UK","USD"
135408,"MAIDeSITe","https://app.partnerboost.com/track/799a_b6jrvpixlL1siSTeICwKJ7w_bn5I8qKRzY5xGlsAQR3TYuZvhh1BhDWMhLYCdimLHpVgtKR4YrHF_aiw_c_c?url=https%3A%2F%2Fwww.amazon.de%2Fstores%2FMAIDeSITe%2Fpage%2F%2F90882E84-2A1B-498A-85BC-D75AD857E4A0%3Fref","CN","EUR"
135133,"petgugu de","https://app.partnerboost.com/track/d746oe8WlaTUgxNKwvy6tjWKrDwVEgzmMdi52bFxR5584G6hBoqdZFsT9MGVzdaEMGaEIME3Uabz34M_c?url=https%3A%2F%2Fwww.amazon.de%2Fstores%2FPETGUGU%2Fpage%2F40CB6F2B-DCD4-4C9A-914D-B999E6F56B8A","SG","EUR"
133602,"Roborock Amazon DE","https://app.partnerboost.com/track/9884JjMUoiRyVa4ATqQOEF7h2SHyw1f9IgJ0_b5lXUYUjZpHhrVdd6J0RMoC_bFFMRS_aNdh21D3XBhoHFg?url=https%3A%2F%2Fwww.amazon.de%2Fstores%2Froborock%2Fpage%2F68FE67F4-6CEB-4B2C-AE25-2300177358D6%3Flp_asin%3DB0D4YJ7TXX%26ref_%3Dast_bln%26store_ref%3Dbl_ast_dp_brandLogo_sto","DE","EUR"
135270,"DREAME","https://app.partnerboost.com/track/9e441iyaEr5KK84905mcMrCnRwwQwuLEGC_b7onvffISI9K4Ty9dISF9taiOaN26usiv0L_aXKhCM_c?url=https%3A%2F%2Fwww.amazon.com%2Fstores%2FDreame%2Fpage%2F5096DC3A-731E-4917-A659-CCE1E5969E83","CN","USD"
122656,"Nelko.fr","https://app.partnerboost.com/track/e5c7eZf9xJESMeELpB1L70oPWUdP58gYktnI4J4QgqFTAXlrCDCl3ovF2c6Co7Vg6eP4_aihpvX2F?url=https%3A%2F%2Fwww.amazon.fr%2Fstores%2FNelko%2Fpage%2F64972283-2653-42DB-A1FB-CC45E6445023%3Fref_%3Dast_bln","CN","EUR"
135118,"HOZO","https://app.partnerboost.com/track/8e988k2498t5_b3RVySWbqkGm34d01SSWRmcEPUPywI29sO0S7yo_anv7YSFWFyYPVov8SoS7YuVPC_aE08?url=https%3A%2F%2Fwww.amazon.com%2Fstores%2FHOZODESIGN%2Fpage%2FCAED647D-48EE-45D3-A694-201628119BCC%3Fis_byline_deeplink%3Dtrue%26deeplink%3DB4597A42-A968-4499-8F4C-20D464CB7E17%26redirect_store_id%3DCAED647D-48EE-45D3-A694-201628119BCC%26lp_asin%3DB0CC21YWJ8%26ref_%3Dast_bln%26store_ref%3Dbl_as","HK","USD"
103194,"iMailer-US","https://app.partnerboost.com/track/5e2bRqBxCze6vHeWNkhrgGegsQS75pXVLLaVG7eWx6gR4BmldJm9ELphodHpEwLvASY_bO3610NRm?url=https%3A%2F%2Fwww.amazon.com%2Fstores%2FiMailer%2Fpage%2F7C90F1AF-DA53-4F9D-9A85-93A26D1BC9E6%3Fref_%3Dast_bln%26store_ref%3Dbl_ast_dp_brandLogo_sto","CN","USD"
135132,"petgugu it","https://app.partnerboost.com/track/a894qX6IjCdZ3prqt_a3m6ZQ3E14a8T79tRRjzlBnB5HUoqtSgaTEv4xmkDheN46wtjQoHfDfOiVqcjc_c?url=https%3A%2F%2Fwww.amazon.it%2F-%2Fen%2Fstores%2Fpetgugu%2Fpage%2F9997346A-1E36-4311-B351-9F96E35B352A","SG","EUR"
133535,"JISSBON","https://app.partnerboost.com/track/c94caT84NAyNl8dT3aPPw5vuEzdtqH3Cgemxgn1u1oY8bknUw8IYLmqKkeVBKcV1aQRY9V_bdJ38n?url=https%3A%2F%2Fwww.amazon.com%2Fstores%2FJISSBON%2Fpage%2F3E18B3BF-CD6C-413F-A6AA-1DF87E041DA7%3Flp_asin%3DB0DHXXDHW5%26ref_%3Dast_bln","HK","USD"
128408,"NUBWO","https://app.partnerboost.com/track/18a4q_amfI5Ym5ht_bpBhVWJyUi5GsmTF71GYkMAZbqDVH3w62_bbqH_b_b9aKg11LlGN0Gb48UxcrA_c_c?url=https%3A%2F%2Fwww.amazon.com%2Fstores%2FNUBWO%2Fpage%2F779BBD60-B05C-4E42-8FFB-9B79ED186286%3Fref_%3Dast_bln","CN","USD"
129493,"Opuntia","https://app.partnerboost.com/track/d644Q8T2X87hVi01w_bdRcbFV4o9P_b3yKftiPOxsVTJOEdHTx8RV0101bNUSdCNKRaKk8nMr4v_aY2rA_c_c?url=https%3A%2F%2Fwww.amazon.com%2Fstores%2FOpuntia%2Fpage%2F2275A3B1-88CD-42AB-AC58-B3C4D29080B2%3Fref_%3Dast_bln%26store_ref%3Dbl_ast_dp_brandLogo_sto","CN","USD"
126775,"UK-AnkerWork","https://app.partnerboost.com/track/30d9y583rrrFkKQ7MLUFbDh_bVO6oZuRh2oH91jVMFS4Krg1lVjdxaWY4idlQ1w3lwP6ok_beisV2_a2A_c_c?url=https%3A%2F%2Fwww.amazon.co.uk%2Fstores%2Fpage%2F3C028DE6-02D3-4551-BA40-D74FEE877D31","UK","USD"
126774,"UK-AnkerMake","https://app.partnerboost.com/track/c154HEHtB5c7M2oBLzH0xmrjaTYtmFtQ1cve9AmZzVFTH3gVvbZSE62wqs5a8Oig2t9gYPu1LuvXC_ayOnQ_c_c?url=https%3A%2F%2Fwww.amazon.co.uk%2Fstores%2FAnkerMake%2Fpage%2FFF579935-3762-48D0-9000-72FFAE52C7D5%3Fref_%3Dast_bln","UK","USD"
94344,"ARGOMAX(uk)","https://app.partnerboost.com/track/5957kL0Zi7ovj2xIgM7iDRyPuAX_bXLj7uzD4kthcIasyaUQCp8YKuG1wpEsNSMn3Mvjaxou3qzbVEkU_c?url=https%3A%2F%2Fwww.amazon.co.uk%2Fstores%2FARGOMAX%2Fpage%2FCA754835-D694-4B3D-AA69-ECEF82164A8B%3Fref_%3Dast_bln","CN","GBP"
134629,"Roborock Amazon UK","https://app.partnerboost.com/track/2039d_aytsIkFiRE9fTBOGRtJ22HL6ylubpyeZq_bWECSqTaIxenwI7C9SoJgQAuyCG_byryn48L7LCVOgD?url=https%3A%2F%2Fwww.amazon.co.uk%2Fstores%2Froborock%2Fpage%2F6B69947D-5247-4BAF-AA56-609825E0B05A","DE","GBP"
126834,"Yitahome-Amazon","https://app.partnerboost.com/track/369aSCyT_b_b_al3vJsqW2Y_bGdmmj6jfVMl_b4AvsEop7M6XNDv1p7cP16WynF0NHlZ9y3ueytVubQqeKg_c_c?url=https%3A%2F%2Fwww.amazon.com%2F-%2Fzh%2Fstores%2FYITAHOME%2Fpage%2F48204C75-BB9D-461E-BC71-9CB13D8CF5F0%3Fref_%3Dast_bln","HK","USD"
113238,"Bébés et Mamans (BE-NL)","https://app.partnermatic.com/track/9caamIxOunsjzi9DG5eHIpt7fcuywGFSousWZlQzxzOeHbTK1y3h3eCDfKMaM6K7sM7dHsRUuBPvVoAkIpNLwH4_c?url=https%3A%2F%2Fwww.bebesetmamans.com%2Fsouscription-gratuite-magazine-bebes-et-mamans-nl","BE","EUR"
96543,"Betckey","https://app.partnerboost.com/track/33d9e1OV9U5cCXcVjCvD2sgnKemRJeWhl23JUKEEE95rPLmFN8e04wZGBpDUK7xQAr2RsgcezQ_c_c?url=https%3A%2F%2Fwww.betckey.com","CN","USD"
129208,"Black and Beauties","https://app.partnermatic.com/track/df72nnM7QuY85_a3lq_bscSX_bA4CKmdoX71qkfZtpps7EZOuso05BF9v3_aoKf2q7_bAlaBGB9JN_ayhGPcNF7Yb11VpV?url=https%3A%2F%2Fblackandbeauties.com%3Futm_source%3Dkwanko%26utm_campaign%3D%7Bidsite%7D%26utm_term%3D%7Btypology%7D","FR","EUR"
129179,"Bodywel DTC UK","https://app.partnerboost.com/track/46adU_blfbK43wpNd74tlnq3dEBFS8cfj6fmgQRaANtjByfgG4_be_a93fBGpY8GAAIAViTSZxPYakT?url=https%3A%2F%2Fwww.bodywel.co.uk","CN","GBP"
135126,"Elecq","https://app.partnerboost.com/track/1e2f0oROBcMyBjTG1fJuqpn0_aWicHLtIt1tLWVzbvbjhkL0QPblrjRLM6uLoqi48sur9Og_c_c?url=https%3A%2F%2Fus.elecq.com%2F%3Fcountry%3DUS","CN","USD"
119132,"First Affair DE","https://app.partnermatic.com/track/302099q4KxQ7JJWca_bc0OxT0fogYjvmGC7vDIZePzEag0dEgoVm6N4X8rLzHo4VnxK6vYeJmT0dTtUPojw_c_c?url=https%3A%2F%2Fwww.firstaffair.com%2F","DE","USD"
133667,"Gourmaze Tour London","https://app.partnermatic.com/track/5de1Cu_agjxIMof54EYfSwgrqyqfG2Uf8EeGkUigUhVyhxBDsJTRzPoviWc4C5bPH1pHuQ4PoeN_aDsiiaSfvYSw_c_c?url=https%3A%2F%2Fwww.gourmazehunt.com%2F","GB","USD"
122516,"GROWNSY","https://app.partnerboost.com/track/b147lCKjqOeztkNs8XlE7goViZ10iwJL1PWDM0_b5H6jsdQ_aR_b1WgFOHp7pPj9MsOIS4LkJSLLA_c_c?url=https%3A%2F%2Fwww.amazon.com%2Fstores%2Fpage%2F7A947F79-0AD8-4391-8FB5-99734DAC4973%3Fingress%3D0%26visitId%3D51a238b9-6d2f-4c48-8cfd-cb8e5372f8af","HK","USD"
95405,"Home-Tex (DK)","https://app.partnermatic.com/track/5f6ffCLLDm9xyYDJGB6hz5wsRBH6V3Wgh5TN5RFKonj7YYS4eVLSP8_bM5kWS8tmOkT_b_bxKVbu_aA_c?url=https%3A%2F%2Fwww.home-tex.dk%2F","DK","DKK"
87791,"知买全球","https://app.partnerboost.com/track/a938aBXhU9pB7KxZzoPh4PMLeOJbBL6bhaxQHoTspIpp7ak0fxFqcfoJWNyWp0DZPazNj1kA3Go_c?url=https%3A%2F%2Fwww.knowtobuy.com%2F","CN","CNY"
135264,"Mamma Mia the party","https://app.partnermatic.com/track/41beVh8eey5e1Oa0kyO_bQnCBqqPXL3HaMAd1NAi_bvW2doPPuCf9SJ8XL2whYHLlHKCai8Lxni6shhvFui_b4DEgsSons_c?url=https%3A%2F%2Fbooking.mammamiatheparty.co.uk%2Fevent%2F30012","US","USD"
126718,"The Play That Goes Wrong","https://app.partnermatic.com/track/8cc78vhUB897KDMzLF_aqBY_aEpjFFMuuIPY3sgb04kj2JarJlUlh3C7EgygD2KrmkDTpU5i7ZwYAIpKwG3vUo?url=https%3A%2F%2Fnimaxtheatres.com","US","USD"
103361,"Piscifun","https://app.partnerboost.com/track/955eNGO2cumuvDS8Npz1tGvT_bG30_b5NBXTgcRoEHgnxzEvvIEQMirkuvzRBGDS29WuAIAVR35t4_c?url=https%3A%2F%2Fpiscifun.com","US","USD"
135279,"Teslong","https://app.partnerboost.com/track/fd7aVHnSiY5455dXV2C35kk76PJqq2sZFX2ySPiiIKXk9BMyZt6UULL0z8forh97V_bnib37UrA_c_c?url=https%3A%2F%2Fwww.amazon.com%2Fstores%2FTeslong%2Fpage%2FDFCEB9B5-A5A1-44EB-8C2F-CC0AAE3761AA%3Flp_asin%3DB0CLXH4P58%26ref_%3Dast_bln%26store_ref%3Dbl_ast_dp_brandLogo_sto","CN","USD"